{
    "data": {
        "num_frames": 48,
        "avg_size_bytes": 3546.4533333333334,
        "avg_size_kb": 3.4633333333333334
    }
}