{
    "data": {
        "num_frames": 96,
        "avg_size_bytes": 34726.82666666667,
        "avg_size_kb": 33.91291666666667
    }
}