{
    "2": {
        "RitualDance": {
            "none": 0.022752086149409746,
            "sparse": 0.026174866301356563,
            "dense": 0.022752086149409746
        },
        "BQTerrace": {
            "none": 0.07622417052469135,
            "sparse": 0.0801922082739791,
            "dense": 0.08468981661522633
        },
        "MarketPlace": {
            "none": 0.028017586162551438,
            "sparse": 0.03137715406378601,
            "dense": 0.028017586162551438
        },
        "Cactus": {
            "none": 0.049589396862139916,
            "sparse": 0.05202787620686925,
            "dense": 0.060890923478361864
        },
        "BasketballDrive": {
            "none": 0.034944394562913074,
            "sparse": 0.038091860137461984,
            "dense": 0.05449078468636987
        }
    },
    "4": {
        "RitualDance": {
            "none": 0.011376043074704873,
            "sparse": 0.0165102133026251,
            "dense": 0.011376043074704873
        },
        "BQTerrace": {
            "none": 0.03811208526234568,
            "sparse": 0.04406414188627731,
            "dense": 0.05081055439814815
        },
        "MarketPlace": {
            "none": 0.014008793081275719,
            "sparse": 0.01904814493312757,
            "dense": 0.014008793081275719
        },
        "Cactus": {
            "none": 0.024794698431069958,
            "sparse": 0.028452417448163975,
            "dense": 0.04174698835540289
        },
        "BasketballDrive": {
            "none": 0.017472197281456537,
            "sparse": 0.0221933956432799,
            "dense": 0.04679178246664172
        }
    },
    "8": {
        "RitualDance": {
            "none": 0.0056880215373524366,
            "sparse": 0.011677886803259369,
            "dense": 0.0056880215373524366
        },
        "BQTerrace": {
            "none": 0.01905604263117284,
            "sparse": 0.026000108692426402,
            "dense": 0.03387092328960905
        },
        "MarketPlace": {
            "none": 0.0070043965406378595,
            "sparse": 0.012883640367798353,
            "dense": 0.0070043965406378595
        },
        "Cactus": {
            "none": 0.012397349215534979,
            "sparse": 0.016664688068811332,
            "dense": 0.032175020793923405
        },
        "BasketballDrive": {
            "none": 0.008736098640728268,
            "sparse": 0.014244163396188858,
            "dense": 0.042942281356777655
        }
    }
}