{
  "2": {
    "Beauty": 0.003774,
    "Bosphorus": 0.002945,
    "HoneyBee": 0.002471,
    "YachtRide": 0.00329,
    "ReadySteadyGo": 0.00276,
    "ShakeNDry": 0.002155,
    "Jockey": 0.003018
  },
  "4": {
    "Beauty": 0.005662,
    "Bosphorus": 0.004417,
    "HoneyBee": 0.003706,
    "YachtRide": 0.004935,
    "ReadySteadyGo": 0.00414,
    "ShakeNDry": 0.003233,
    "Jockey": 0.004527
  },
  "8": {
    "Beauty": 0.006605,
    "Bosphorus": 0.005153,
    "HoneyBee": 0.004324,
    "YachtRide": 0.005757,
    "ReadySteadyGo": 0.00483,
    "ShakeNDry": 0.003772,
    "Jockey": 0.005282
  }
}