{
  "2": {
    "Beauty": 0.019762,
    "Bosphorus": 0.034125,
    "HoneyBee": 0.047597,
    "YachtRide": 0.050569,
    "ReadySteadyGo": 0.056,
    "ShakeNDry": 0.047167,
    "Jockey": 0.040581
  },
  "4": {
    "Beauty": 0.017847,
    "Bosphorus": 0.024433,
    "HoneyBee": 0.030556,
    "YachtRide": 0.040314,
    "ReadySteadyGo": 0.035766,
    "ShakeNDry": 0.030353,
    "Jockey": 0.033973
  },
  "8": {
    "Beauty": 0.01689,
    "Bosphorus": 0.019587,
    "HoneyBee": 0.022035,
    "YachtRide": 0.035187,
    "ReadySteadyGo": 0.025649,
    "ShakeNDry": 0.021946,
    "Jockey": 0.030669
  }
}