{
    "_PSNR_1024": {
        "Cactus": {
            "PSNR": 30.25368480682373,
            "MS-SSIM": 0.96300741036733,
            "LPIPS": 0.020982946288616706,
            "FID": 0.0032468196004629135,
            "FVD": 268804.72292123595,
            "bpp": 0.17580099022633744
        },
        "RitualDance": {
            "PSNR": 28.601191012064614,
            "MS-SSIM": 0.9438499609629313,
            "LPIPS": 0.03734208917594515,
            "FID": 0.006701302714645863,
            "FVD": 2245269.4009567862,
            "bpp": 0.1300479681069959
        },
        "BasketballDrive": {
            "PSNR": 25.08080507914225,
            "MS-SSIM": 0.8288975199063618,
            "LPIPS": 0.07192089741583914,
            "FID": 0.014692582190036774,
            "FVD": 165929.01298022165,
            "bpp": 0.17942463991769547
        },
        "BQTerrace": {
            "PSNR": 33.20407457351685,
            "MS-SSIM": 0.9867001463969548,
            "LPIPS": 0.009691006818320603,
            "FID": 0.003709199605509639,
            "FVD": 120193.96619477205,
            "bpp": 0.1986247427983539
        }
    },
    "_PSNR_512": {
        "Cactus": {
            "PSNR": 28.380350017547606,
            "MS-SSIM": 0.9447357724110286,
            "LPIPS": 0.031944688168975215,
            "FID": 0.019293377175927162,
            "FVD": 671429.8635194142,
            "bpp": 0.08761503343621399
        },
        "RitualDance": {
            "PSNR": 26.808728790283205,
            "MS-SSIM": 0.9187049527963003,
            "LPIPS": 0.05422053219129642,
            "FID": 0.024427462369203568,
            "FVD": 2265552.8495053276,
            "bpp": 0.07247903806584362
        },
        "BasketballDrive": {
            "PSNR": 23.593307876586913,
            "MS-SSIM": 0.7741269588470459,
            "LPIPS": 0.10098070924092704,
            "FID": 0.09880088269710541,
            "FVD": 560262.7526472532,
            "bpp": 0.10028870884773662
        },
        "BQTerrace": {
            "PSNR": 30.741563987731933,
            "MS-SSIM": 0.9791685263315837,
            "LPIPS": 0.014856952133898933,
            "FID": 0.017976853996515274,
            "FVD": 262902.3895536298,
            "bpp": 0.0999761445473251
        }
    },
    "_PSNR_256": {
        "Cactus": {
            "PSNR": 26.67595500946045,
            "MS-SSIM": 0.924577749768893,
            "LPIPS": 0.044536643925433356,
            "FID": 0.013935158029198647,
            "FVD": 441932.9524556028,
            "bpp": 0.044990226337448556
        },
        "BasketballDrive": {
            "PSNR": 22.25819352467855,
            "MS-SSIM": 0.7301572054624558,
            "LPIPS": 0.1203486800349007,
            "FID": 0.10233055800199509,
            "FVD": 1118145.7929079547,
            "bpp": 0.052147376543209875
        },
        "BQTerrace": {
            "PSNR": 28.341816075642903,
            "MS-SSIM": 0.968991310397784,
            "LPIPS": 0.022411394049413502,
            "FID": 0.04229641705751419,
            "FVD": 398894.5860577715,
            "bpp": 0.05216460905349794
        }
    }
}