{
    "_PSNR_1024": {
        "HoneyBee": {
            "PSNR": 42.64196491241455,
            "MS-SSIM": 0.9978121221065521,
            "LPIPS": 0.0020996251919617255,
            "FID": 0.011386782862246037,
            "FVD": 5846.025636852861,
            "bpp": 0.2076738683127572
        },
        "Bosphorus": {
            "PSNR": 43.49067395528157,
            "MS-SSIM": 0.995664099852244,
            "LPIPS": 0.003651114432917287,
            "FID": 0.0042359125800430775,
            "FVD": 2369.9387497919506,
            "bpp": 0.20514474022633744
        },
        "Beauty": {
            "PSNR": 40.38273887634277,
            "MS-SSIM": 0.9856002032756805,
            "LPIPS": 0.013416794803924858,
            "FID": 0.057123154401779175,
            "FVD": 1887.9971423050463,
            "bpp": 0.2808488297325103
        },
        "ShakeNDry": {
            "PSNR": 40.77145837148031,
            "MS-SSIM": 0.9940484881401062,
            "LPIPS": 0.009785298017474513,
            "FID": 0.02192416600883007,
            "FVD": 2096.5016448924907,
            "bpp": 0.4444862397119342
        },
        "YachtRide": {
            "PSNR": 42.51943855285644,
            "MS-SSIM": 0.9951986094315847,
            "LPIPS": 0.00411276620773909,
            "FID": 0.012259488925337791,
            "FVD": 1222.354882429434,
            "bpp": 0.2725754886831276
        },
        "ReadySteadyGo": {
            "PSNR": 43.00224895477295,
            "MS-SSIM": 0.9977071444193523,
            "LPIPS": 0.0018659085704712196,
            "FID": 0.00800025463104248,
            "FVD": 2400.702128042097,
            "bpp": 0.31215811471193416
        },
        "Jockey": {
            "PSNR": 41.64544143676758,
            "MS-SSIM": 0.9927651733160019,
            "LPIPS": 0.008519496597970525,
            "FID": 0.044655125588178635,
            "FVD": 743.5634121369753,
            "bpp": 0.26616936728395063
        }
    },
    "_PSNR_512": {
        "HoneyBee": {
            "PSNR": 41.12378794352214,
            "MS-SSIM": 0.9969328135251999,
            "LPIPS": 0.0038285605648222067,
            "FID": 0.044580716639757156,
            "FVD": 4056.695487483342,
            "bpp": 0.12192849794238683
        },
        "Bosphorus": {
            "PSNR": 41.972537740071616,
            "MS-SSIM": 0.9939656615257263,
            "LPIPS": 0.008720226329751312,
            "FID": 0.03520644083619118,
            "FVD": 1386.1347764947468,
            "bpp": 0.11851176697530864
        },
        "Beauty": {
            "PSNR": 39.45677369435628,
            "MS-SSIM": 0.9827105373144149,
            "LPIPS": 0.036252940290917954,
            "FID": 0.4595986008644104,
            "FVD": 8247.641371561582,
            "bpp": 0.09548964763374486
        },
        "ShakeNDry": {
            "PSNR": 38.75522963205973,
            "MS-SSIM": 0.9905962347984314,
            "LPIPS": 0.019363819474043944,
            "FID": 0.10425131022930145,
            "FVD": 6237.684387675223,
            "bpp": 0.26548964763374483
        },
        "YachtRide": {
            "PSNR": 40.613440068562824,
            "MS-SSIM": 0.9932176659504572,
            "LPIPS": 0.010137228139986595,
            "FID": 0.07178271561861038,
            "FVD": 2008.4798834707576,
            "bpp": 0.1940261059670782
        },
        "ReadySteadyGo": {
            "PSNR": 41.12110341389974,
            "MS-SSIM": 0.9968860934178034,
            "LPIPS": 0.0035833647241815926,
            "FID": 0.027080828323960304,
            "FVD": 2594.008942432488,
            "bpp": 0.19548450360082303
        },
        "Jockey": {
            "PSNR": 39.300401242574054,
            "MS-SSIM": 0.9875949611266454,
            "LPIPS": 0.0213572413350145,
            "FID": 0.24723944067955017,
            "FVD": 1528.5348674367272,
            "bpp": 0.18465033436213993
        }
    },
    "_PSNR_256": {
        "HoneyBee": {
            "PSNR": 38.481482378641765,
            "MS-SSIM": 0.9943330526351929,
            "LPIPS": 0.006959730992093682,
            "FID": 0.06085086241364479,
            "FVD": 14484.029309802041,
            "bpp": 0.07943235596707819
        },
        "Bosphorus": {
            "PSNR": 39.10264377593994,
            "MS-SSIM": 0.9882461965084076,
            "LPIPS": 0.021170735328147807,
            "FID": 0.0823475569486618,
            "FVD": 3530.721053685239,
            "bpp": 0.08315322788065843
        },
        "Beauty": {
            "PSNR": 38.43352979024251,
            "MS-SSIM": 0.9787710815668106,
            "LPIPS": 0.04886493453135093,
            "FID": 0.6021283864974976,
            "FVD": 9044.03340928821,
            "bpp": 0.04620820473251029
        },
        "ShakeNDry": {
            "PSNR": 36.49911568959554,
            "MS-SSIM": 0.9848089883724849,
            "LPIPS": 0.031270469166338445,
            "FID": 0.12488196790218353,
            "FVD": 8926.829458339264,
            "bpp": 0.16143994341563786
        },
        "YachtRide": {
            "PSNR": 37.73213545481364,
            "MS-SSIM": 0.9877933243910472,
            "LPIPS": 0.019825337020059428,
            "FID": 0.11904001981019974,
            "FVD": 7304.738312259892,
            "bpp": 0.12289390432098765
        },
        "ReadySteadyGo": {
            "PSNR": 38.208628527323405,
            "MS-SSIM": 0.994443757335345,
            "LPIPS": 0.007554815950182577,
            "FID": 0.05202334746718407,
            "FVD": 6044.295853880716,
            "bpp": 0.1283889531893004
        },
        "Jockey": {
            "PSNR": 37.803830528259276,
            "MS-SSIM": 0.9827245155970256,
            "LPIPS": 0.026426119512567917,
            "FID": 0.24284057319164276,
            "FVD": 6205.429989706289,
            "bpp": 0.11368396347736626
        }
    }
}