{
    "_PSNR_1024": {
        "Cactus": {
            "PSNR": 41.18796684815712,
            "MS-SSIM": 0.9959549270954329,
            "LPIPS": 0.0033443100395199564,
            "FID": 0.0049361432902514935,
            "FVD": 2975.7488011197233,
            "bpp": 0.19104755313732977
        },
        "RitualDance": {
            "PSNR": 43.29454996167999,
            "MS-SSIM": 0.9961890338622418,
            "LPIPS": 0.004935537434912757,
            "FID": 0.007313950452953577,
            "FVD": 3371.284642294469,
            "bpp": 0.10035259163802979
        },
        "BasketballDrive": {
            "PSNR": 41.64872301239328,
            "MS-SSIM": 0.9947626670611274,
            "LPIPS": 0.005181192541638985,
            "FID": 0.010684478096663952,
            "FVD": 1515.0311979637804,
            "bpp": 0.14693823978617793
        },
        "BQTerrace": {
            "PSNR": 42.38330325883688,
            "MS-SSIM": 0.9968755128457374,
            "LPIPS": 0.0021061097276541068,
            "FID": 0.004358754493296146,
            "FVD": 1162.9572331068841,
            "bpp": 0.233641418480336
        },
        "MarketPlace": {
            "PSNR": 41.47197601475666,
            "MS-SSIM": 0.9929206666258192,
            "LPIPS": 0.009872404928079125,
            "FID": 0.022417468950152397,
            "FVD": 1807.8721207617743,
            "bpp": 0.1559175735013364
        }
    },
    "_PSNR_512": {
        "Cactus": {
            "PSNR": 39.65439416944366,
            "MS-SSIM": 0.9945029561052617,
            "LPIPS": 0.008168584691149365,
            "FID": 0.037274058908224106,
            "FVD": 11490.77647425606,
            "bpp": 0.10261872374952272
        },
        "RitualDance": {
            "PSNR": 41.8546647533928,
            "MS-SSIM": 0.9953881895419249,
            "LPIPS": 0.008513756192375705,
            "FID": 0.030891524627804756,
            "FVD": 7050.7072165401005,
            "bpp": 0.06676542414407535
        },
        "BasketballDrive": {
            "PSNR": 39.56303299579424,
            "MS-SSIM": 0.9917435080734724,
            "LPIPS": 0.01243073125993929,
            "FID": 0.0670366883277893,
            "FVD": 4382.6002320251755,
            "bpp": 0.09248894298078147
        },
        "BQTerrace": {
            "PSNR": 40.602291028524185,
            "MS-SSIM": 0.9960127503601546,
            "LPIPS": 0.004227127745440326,
            "FID": 0.02033854089677334,
            "FVD": 1808.515233083474,
            "bpp": 0.12903497677230494
        },
        "MarketPlace": {
            "PSNR": 39.654440103117956,
            "MS-SSIM": 0.9897510642857895,
            "LPIPS": 0.023213790393597687,
            "FID": 0.13910098373889923,
            "FVD": 3446.7177153519947,
            "bpp": 0.09598558610156549
        }
    },
    "_PSNR_256": {
        "Cactus": {
            "PSNR": 37.22157830307164,
            "MS-SSIM": 0.9908086620655256,
            "LPIPS": 0.015414514521271298,
            "FID": 0.05128377303481102,
            "FVD": 10783.812249789105,
            "bpp": 0.061353132556955584
        },
        "RitualDance": {
            "PSNR": 38.96265375982855,
            "MS-SSIM": 0.9921572060929131,
            "LPIPS": 0.015298814810428423,
            "FID": 0.03807435184717178,
            "FVD": 64382.88209312156,
            "bpp": 0.046353410971108566
        },
        "BasketballDrive": {
            "PSNR": 37.06548037971418,
            "MS-SSIM": 0.9861700000222197,
            "LPIPS": 0.0224422432059787,
            "FID": 0.08823168277740479,
            "FVD": 8566.888490289104,
            "bpp": 0.06163846729031437
        },
        "BQTerrace": {
            "PSNR": 37.69892784983841,
            "MS-SSIM": 0.9931941923406935,
            "LPIPS": 0.00844407782976314,
            "FID": 0.038107484579086304,
            "FVD": 2635.634962595276,
            "bpp": 0.07493361811123839
        },
        "MarketPlace": {
            "PSNR": 37.59119985521454,
            "MS-SSIM": 0.9842861350049678,
            "LPIPS": 0.038637643084698116,
            "FID": 0.17532296478748322,
            "FVD": 4746.193847069902,
            "bpp": 0.05975873424971363
        }
    }
}