{
    "2": {
        "Beauty": {
            "none": 0,
            "sparse": 0.004324400522317189,
            "dense": 0.007966255144032921
        },
        "Bosphorus": {
            "none": 0,
            "sparse": 0.0028231244064577396,
            "dense": 0.007370370370370371
        },
        "HoneyBee": {
            "none": 0,
            "sparse": 0.0028100071225071227,
            "dense": 0.006757201646090534
        },
        "YachtRide": {
            "none": 0,
            "sparse": 0.0030651412630579296,
            "dense": 0.01502962962962963
        },
        "ReadySteadyGo": {
            "none": 0,
            "sparse": 0.002795346628679962,
            "dense": 0.007766255144032923
        },
        "ShakeNDry": {
            "none": 0,
            "sparse": 0.0021806445868945866,
            "dense": 0.00676954732510288
        },
        "Jockey": {
            "none": 0,
            "sparse": 0.002990087844254511,
            "dense": 0.013682304526748972
        }
    },
    "4": {
        "Beauty": {
            "none": 0,
            "sparse": 0.006486600783475783,
            "dense": 0.011949382716049381
        },
        "Bosphorus": {
            "none": 0,
            "sparse": 0.004234686609686609,
            "dense": 0.011055555555555556
        },
        "HoneyBee": {
            "none": 0,
            "sparse": 0.004215010683760683,
            "dense": 0.010135802469135802
        },
        "YachtRide": {
            "none": 0,
            "sparse": 0.004597711894586895,
            "dense": 0.022544444444444447
        },
        "ReadySteadyGo": {
            "none": 0,
            "sparse": 0.0041930199430199435,
            "dense": 0.011649382716049385
        },
        "ShakeNDry": {
            "none": 0,
            "sparse": 0.0032709668803418803,
            "dense": 0.01015432098765432
        },
        "Jockey": {
            "none": 0,
            "sparse": 0.004485131766381766,
            "dense": 0.02052345679012346
        }
    },
    "8": {
        "Beauty": {
            "none": 0,
            "sparse": 0.00756770091405508,
            "dense": 0.01394094650205761
        },
        "Bosphorus": {
            "none": 0,
            "sparse": 0.004940467711301045,
            "dense": 0.012898148148148152
        },
        "HoneyBee": {
            "none": 0,
            "sparse": 0.004917512464387464,
            "dense": 0.011825102880658436
        },
        "YachtRide": {
            "none": 0,
            "sparse": 0.0053639972103513775,
            "dense": 0.02630185185185185
        },
        "ReadySteadyGo": {
            "none": 0,
            "sparse": 0.004891856600189933,
            "dense": 0.013590946502057616
        },
        "ShakeNDry": {
            "none": 0,
            "sparse": 0.0038161280270655267,
            "dense": 0.011846707818930042
        },
        "Jockey": {
            "none": 0,
            "sparse": 0.005232653727445394,
            "dense": 0.0239440329218107
        }
    }
}