{
    "2": {
        "Beauty": {
            "none": 0.011695144457171947,
            "sparse": 0.016019544979489136,
            "dense": 0.019661399601204867
        },
        "Bosphorus": {
            "none": 0.02650059182894234,
            "sparse": 0.02932371623540008,
            "dense": 0.03387096219931271
        },
        "HoneyBee": {
            "none": 0.0404405689194349,
            "sparse": 0.04325057604194202,
            "dense": 0.04719777056552544
        },
        "YachtRide": {
            "none": 0.035194800814560265,
            "sparse": 0.038259942077618195,
            "dense": 0.050224430444189894
        },
        "ReadySteadyGo": {
            "none": 0.04775837469772178,
            "sparse": 0.05055372132640174,
            "dense": 0.05552462984175471
        },
        "ShakeNDry": {
            "none": 0.040002539137075216,
            "sparse": 0.04218318372396981,
            "dense": 0.046772086462178106
        },
        "Jockey": {
            "none": 0.02664293623520427,
            "sparse": 0.02963302407945878,
            "dense": 0.04032524076195324
        }
    },
    "4": {
        "Beauty": {
            "none": 0.005847572228585974,
            "sparse": 0.012334173012061755,
            "dense": 0.017796954944635353
        },
        "Bosphorus": {
            "none": 0.01325029591447117,
            "sparse": 0.01748498252415778,
            "dense": 0.02430585147002673
        },
        "HoneyBee": {
            "none": 0.02022028445971745,
            "sparse": 0.02443529514347813,
            "dense": 0.030356086928853252
        },
        "YachtRide": {
            "none": 0.017597400407280132,
            "sparse": 0.022195112301867027,
            "dense": 0.04014184485172458
        },
        "ReadySteadyGo": {
            "none": 0.02387918734886089,
            "sparse": 0.028072207291880834,
            "dense": 0.035528570064910274
        },
        "ShakeNDry": {
            "none": 0.020001269568537608,
            "sparse": 0.023272236448879487,
            "dense": 0.030155590556191932
        },
        "Jockey": {
            "none": 0.013321468117602136,
            "sparse": 0.017806599883983903,
            "dense": 0.033844924907725595
        }
    },
    "8": {
        "Beauty": {
            "none": 0.002923786114292987,
            "sparse": 0.010491487028348068,
            "dense": 0.016864732616350596
        },
        "Bosphorus": {
            "none": 0.006625147957235585,
            "sparse": 0.01156561566853663,
            "dense": 0.019523296105383735
        },
        "HoneyBee": {
            "none": 0.010110142229858725,
            "sparse": 0.01502765469424619,
            "dense": 0.02193524511051716
        },
        "YachtRide": {
            "none": 0.008798700203640066,
            "sparse": 0.014162697413991442,
            "dense": 0.035100552055491924
        },
        "ReadySteadyGo": {
            "none": 0.011939593674430446,
            "sparse": 0.01683145027462038,
            "dense": 0.025530540176488065
        },
        "ShakeNDry": {
            "none": 0.010000634784268804,
            "sparse": 0.013816762811334331,
            "dense": 0.021847342603198847
        },
        "Jockey": {
            "none": 0.006660734058801068,
            "sparse": 0.011893387786246462,
            "dense": 0.03060476698061177
        }
    }
}